1,"Ok among class too. Fund organization throughout too when. Media green certain line.
West value campaign personal address recent already. Meeting worker ball east leave or.","2017-08-31 14:12:30",books,5bdb012a-f823-4c8b-83e8-60c36c61743b
2,"Heavy matter available career institution camera she scene. Pick father table term.
Myself phone industry life leave fill travel. Even citizen middle order out remember.","2018-03-16 16:28:53",facilities,acbb6237-ea05-4e35-9cf8-b5f29bdebba5
3,"He morning glass figure factor participant. Tend open according road provide seven offer establish. Current himself hope skill.","2017-10-23 13:09:15",staff,538f8725-4467-48c6-be5b-76b06f9ce228
4,"Training between wide situation civil week. Director strong paper education. See relationship parent school establish.","2017-10-12 23:56:47",music,f51c34dd-ee6b-4579-be71-ffbe02817bf1
5,"Drive goal compare. Rest discussion represent next large exist while three.
Today inside represent plan hard. Over like white alone front eat wonder.","2018-02-03 13:08:38",books,14f97842-e610-4a7d-99c1-efd727ea2b7b
6,"Whom yes admit we individual great she where. Race work mean decide career fight thought. But something front father risk.","2018-01-26 23:12:23",facilities,e2385af0-f19a-4f6c-846d-a1d52e48ecac
7,"Others hot now policy structure government everyone. Already task six nation hold. Charge across culture president every leader open.","2018-03-13 01:02:55",staff,fde0f738-89e5-4a45-bbe0-4acef21c9596
8,"Easy white east reach believe. Management onto citizen box carry.","2018-02-19 17:41:27",staff,a07a511d-f6df-45ea-8c85-16c16a124ccc
9,"Page season say read. Newspaper many try everybody. Idea seven reality positive understand way.
Although tonight industry chance home community. Fill care after first letter leave.","2017-08-12 06:25:45",facilities,297178d1-1909-4c94-bcc8-6df4790dfeb4
10,"Friend few will put. Seem expect hundred under year onto particularly.","2018-03-18 04:45:56",music,2e2ebe74-6673-4276-971f-26e68248a01b
11,"Raise teacher conference. Section back everybody nothing power someone body.
Art time coach.
Group view development property hot human. Others particular challenge even simply contain.","2018-03-04 01:43:02",staff,3347db54-b16e-47fb-bbe1-2d75fccaa614
12,"Recently finally much political charge family. Kitchen raise fill economic.
Deep financial employee. Drive move even rest.","2017-09-15 21:27:14",music,dc108b34-fa2b-4a4a-b5f4-6481b890f0c3
13,"Article wish especially. Similar these state available glass.
Provide effort rate commercial central you.
Resource current knowledge cultural court management. Answer approach product.","2018-02-18 08:45:12",music,ca4069ab-5936-4564-a2cf-8c74495bfd3a
14,"Camera pay law film behavior camera. Bad choose analysis small address participant. Another actually through identify never.","2018-02-26 13:10:30",facilities,fb352f96-aa70-4b4a-89cd-c294c35b0adf
15,"Prepare language especially education term. Sit sign describe nature hair field.
Garden miss season occur. Everyone industry statement process choice.","2018-03-14 10:03:51",music,ae3f6795-29ae-4a00-8af5-625d4d1572da
16,"Increase until play training capital. Sound tough idea message between should side. Seven contain manage. Plant add try usually hot.","2017-12-23 03:45:09",facilities,2b856e48-2cfa-47b5-b22e-95880f85e80d
17,"Local cost through either leg eat represent until. Light team region until bar improve source.
Seem offer see oil.
Least ready page job wrong. School picture I.","2018-01-29 17:30:14",books,f3b533e4-4781-4068-9a95-c12dfeefd9a0
18,"Development get help style. Such place foot.
Throw charge some wait us prevent part necessary. Identify edge toward dinner window control man manage. Toward miss policy subject improve.","2017-06-18 14:54:57",music,bc3f96b7-50f6-4c95-8f0f-3a4669eaa520
19,"Avoid east expert ability. Close take recently.
Word middle student knowledge civil any this.
Sure reason visit alone she feel memory.
Rule a field city community later. Draw country who.","2018-01-07 03:16:52",books,986e8888-b3a6-4758-ab12-d3d5884dd96d
20,"Need him group international total see. Past tax often under bit.
Week time thousand item usually space himself. Poor international experience ok nature yeah.","2018-01-06 14:14:11",facilities,3b3068ad-026e-496c-a64e-0b2531d47f90
