18108a24-4eac-498d-a2d3-4dc4cccf405a,jasonmorris5660@gmail.com,Jason,Morris,"2017-10-24 21:08:23",1,1
01058b26-0495-437b-acdf-85fbe51e962f,adamcarroll9740@gmail.com,Adam,Carroll,"2017-06-25 16:51:11",1,1
6fe2aea2-390b-45d7-9b52-dcba064bdf90,audreyrobinson7457@gmail.com,Audrey,Robinson,"2018-03-11 14:07:30",2,1
dfe33b55-24ab-4644-83c6-610d7c7ef212,sarahjohns1720@gmail.com,Sarah,Johns,"2017-07-05 05:27:26",1,1
77171efa-b91e-4fd0-9c58-98c9aca06b13,morganparsons7557@gmail.com,Morgan,Parsons,"2017-08-11 18:21:24",1,1
7c8ebfa8-f08b-4c56-ac77-ef3879170404,tiffanymckee2488@gmail.com,Tiffany,Mckee,"2017-09-23 22:52:44",1,1
a57fb489-4f93-40a4-bd12-b9a18ba66cfc,keitharmstrong7926@gmail.com,Keith,Armstrong,"2017-07-13 23:18:28",1,1
3c93058f-4c82-49b9-bb0e-f1c39c31176a,lucaslee9066@gmail.com,Lucas,Lee,"2018-02-22 23:35:51",1,1
0a0a924b-a1e6-468a-8d65-e4f2447d02d9,glenduncan2420@gmail.com,Glen,Duncan,"2017-11-05 11:07:09",1,1
e3766cee-df9c-4903-aee1-0b79a9be5b11,danajohnson2451@gmail.com,Dana,Johnson,"2018-02-16 18:39:14",1,1
fc1e328e-8738-4195-9734-add11bbcec14,sarahlong6375@gmail.com,Sarah,Long,"2017-12-15 16:34:47",1,1
9911dcbc-de43-436d-ae55-42465fd23b8d,angelahoover2715@gmail.com,Angela,Hoover,"2017-03-31 06:22:21",1,1
1cc66d38-3b06-4c61-9181-2a43842d9462,caseyhuang108@gmail.com,Casey,Huang,"2017-07-26 16:38:56",1,1
7b2c4d3d-434c-4be3-9ce5-ec59c56e143b,conniebenjamin189@gmail.com,Connie,Benjamin,"2017-07-15 15:49:19",3,1
148146f2-0fca-42f7-8223-f780bbd7ae29,lisaelliott727@gmail.com,Lisa,Elliott,"2018-03-15 00:31:48",1,1
242777f2-c486-4f7f-a582-fbac4064dc2c,conniestewart4679@gmail.com,Connie,Stewart,"2017-10-06 23:00:34",1,1
f605a2db-6ee1-452e-a0a2-64dcdaf6c1bd,jacobsmith1209@gmail.com,Jacob,Smith,"2017-10-13 16:18:25",1,1
53df1200-64a0-45a1-b008-f06532d7d87d,marialeach1177@gmail.com,Maria,Leach,"2017-10-08 14:06:08",1,1
3bea55d7-9e48-47fe-a978-6bd42c173fb4,kristinhill7090@gmail.com,Kristin,Hill,"2018-01-11 21:32:59",1,1
13c2e9b5-7bb2-41a6-b96e-9d28a1ab099c,duanehaynes1734@gmail.com,Duane,Haynes,"2017-10-02 16:43:04",1,1
113d80b5-35e8-406a-99f9-1b79346de2c9,yolandaferguson4896@gmail.com,Yolanda,Ferguson,"2017-10-21 07:36:06",1,1
5bdb012a-f823-4c8b-83e8-60c36c61743b,jamiefitzgerald5958@gmail.com,Jamie,Fitzgerald,"2017-05-23 07:28:36",5,1
acbb6237-ea05-4e35-9cf8-b5f29bdebba5,paulapena1564@gmail.com,Paula,Pena,"2017-10-21 09:29:41",1,1
538f8725-4467-48c6-be5b-76b06f9ce228,jenniferadams6728@gmail.com,Jennifer,Adams,"2017-04-18 04:19:45",1,1
f51c34dd-ee6b-4579-be71-ffbe02817bf1,rickreed1161@gmail.com,Rick,Reed,"2017-03-27 04:00:44",1,1
14f97842-e610-4a7d-99c1-efd727ea2b7b,katrinagomez1546@gmail.com,Katrina,Gomez,"2018-01-14 20:27:46",1,1
e2385af0-f19a-4f6c-846d-a1d52e48ecac,jerryhines5933@gmail.com,Jerry,Hines,"2017-07-13 02:51:32",1,1
fde0f738-89e5-4a45-bbe0-4acef21c9596,jeremiahjohnson1970@gmail.com,Jeremiah,Johnson,"2018-03-04 11:25:25",1,1
a07a511d-f6df-45ea-8c85-16c16a124ccc,gabrielrobinson328@gmail.com,Gabriel,Robinson,"2018-02-01 22:21:57",1,1
297178d1-1909-4c94-bcc8-6df4790dfeb4,meganjohnson7462@gmail.com,Megan,Johnson,"2017-05-17 03:01:06",1,1
2e2ebe74-6673-4276-971f-26e68248a01b,brandonstephens786@gmail.com,Brandon,Stephens,"2018-02-11 16:51:10",1,1
3347db54-b16e-47fb-bbe1-2d75fccaa614,elizabethdavenport9788@gmail.com,Elizabeth,Davenport,"2017-12-20 23:31:16",1,1
dc108b34-fa2b-4a4a-b5f4-6481b890f0c3,michaelhenson7420@gmail.com,Michael,Henson,"2017-06-16 19:44:35",1,1
ca4069ab-5936-4564-a2cf-8c74495bfd3a,scotthoward459@gmail.com,Scott,Howard,"2017-09-29 19:29:04",1,1
fb352f96-aa70-4b4a-89cd-c294c35b0adf,stevenlewis6272@gmail.com,Steven,Lewis,"2018-01-30 21:23:11",1,1
ae3f6795-29ae-4a00-8af5-625d4d1572da,rachelmeyer6498@gmail.com,Rachel,Meyer,"2018-02-27 16:30:48",1,1
2b856e48-2cfa-47b5-b22e-95880f85e80d,georgesmith594@gmail.com,George,Smith,"2017-12-03 19:50:54",1,1
f3b533e4-4781-4068-9a95-c12dfeefd9a0,christophermartinez5744@gmail.com,Christopher,Martinez,"2017-08-28 22:35:24",1,1
bc3f96b7-50f6-4c95-8f0f-3a4669eaa520,andrewhart8235@gmail.com,Andrew,Hart,"2017-04-24 14:26:29",1,1
986e8888-b3a6-4758-ab12-d3d5884dd96d,susanstone9237@gmail.com,Susan,Stone,"2017-12-11 17:56:21",1,1
3b3068ad-026e-496c-a64e-0b2531d47f90,danielsmith279@gmail.com,Daniel,Smith,"2017-10-19 22:05:06",1,1
284388ff-f6d6-417e-b8de-be17cd8c909c,dwaynemartinez8864@gmail.com,Dwayne,Martinez,"2017-09-02 23:24:10",1,1
db9b0000-4c45-4a7a-bb9d-01e243ce8c5a,heatheranderson2108@gmail.com,Heather,Anderson,"2017-06-08 08:58:49",1,1
33916366-8829-4d9d-9879-fe2a9f7040ce,andrewprice8676@gmail.com,Andrew,Price,"2017-09-20 02:12:12",1,1
06a4979e-53b4-4c1f-9499-bda32248293c,scotttrujillo2196@gmail.com,Scott,Trujillo,"2017-05-28 21:32:48",1,1
d48a037a-d4fa-40d0-a2d3-b8a4768494b3,karenparker4725@gmail.com,Karen,Parker,"2018-02-27 13:07:33",1,1
b405bc10-b3f8-40c7-a5a1-b9b6b48e5cea,dr.sarah6487@gmail.com,Dr.,Sarah,"2017-08-12 20:01:07",1,1
4f949d6e-9403-4aba-b72a-5b7bc40c9fec,thomasreed4325@gmail.com,Thomas,Reed,"2017-04-04 19:50:58",1,1
fe92cbe1-3048-4317-bbe4-64d80489a36a,josephtaylor4329@gmail.com,Joseph,Taylor,"2018-03-05 08:19:20",1,1
bda1d6fe-8f5a-42dc-b1da-559109f46fea,jessicafritz186@gmail.com,Jessica,Fritz,"2018-03-08 16:35:21",1,1
db2b56a2-acf2-4736-92d8-0495168adea1,gabrielbarrett6861@gmail.com,Gabriel,Barrett,"2018-03-12 11:28:59",1,1
36fcd2ea-3c28-4e3e-9381-aca6e4ccbfd1,tylerlane9488@gmail.com,Tyler,Lane,"2017-06-20 19:52:49",1,0
d3bd202f-ac01-45d8-b01c-cf8c8dff167c,jeffbecker8818@gmail.com,Jeff,Becker,"2018-03-18 01:30:56",1,1
43c836a8-7912-4c00-844a-7d7c52d8b413,taramurillo9380@gmail.com,Tara,Murillo,"2017-12-31 13:50:43",1,1
e636d0b8-d433-4a75-affb-4d36bdc2a890,sethrogers9072@gmail.com,Seth,Rogers,"2017-04-18 13:33:00",1,1
1b9d1c2e-be6d-48bc-8483-c8df7a6c4a2e,edwardfoster3719@gmail.com,Edward,Foster,"2017-06-10 04:08:19",1,1
63ef010a-3b87-483d-ac6f-ffacd11f6225,tracylee4051@gmail.com,Tracy,Lee,"2017-09-26 02:51:38",1,1
85b56adb-bc15-44c0-a9a6-974a46eaff51,robertcross4567@gmail.com,Robert,Cross,"2017-09-29 05:59:07",1,1
13885fa8-fada-460e-8c88-c708a5052070,kimberlykelly7973@gmail.com,Kimberly,Kelly,"2017-06-12 01:11:19",1,1
16660d26-fedc-45d9-9b5f-ea980bd050da,aaronjenkins510@gmail.com,Aaron,Jenkins,"2017-12-14 05:23:19",1,1
6942deb1-4fb2-4129-a9b1-542849d03a45,andrealeblanc9876@gmail.com,Andrea,Leblanc,"2017-08-17 00:20:45",1,1
77762b52-ad71-4ba2-b853-a227910bddca,mollyaguilar7447@gmail.com,Molly,Aguilar,"2018-01-09 18:38:50",1,1
3958dd4d-ad65-470c-a90f-cae5f83d41a8,adampope939@gmail.com,Adam,Pope,"2017-06-03 05:27:07",1,1
4e23bbbe-0dbb-4948-b427-b0413e306b1b,larrysaunders1993@gmail.com,Larry,Saunders,"2017-11-14 00:40:04",1,1
fb7b4560-69ec-4c91-9c4f-955233d73308,mrs.leslie4614@gmail.com,Mrs.,Leslie,"2017-07-28 22:42:08",1,1
7eddeba0-c2cc-4d7a-a1b1-7248c9dbda63,shannonmalone3385@gmail.com,Shannon,Malone,"2018-02-14 22:20:14",1,1
aa108b02-ca03-473e-966e-974306e4424e,shirleyzhang7670@gmail.com,Shirley,Zhang,"2018-03-07 04:16:34",1,1
81360dcd-912f-4ede-b6c3-65a493018923,amandavelasquez4934@gmail.com,Amanda,Velasquez,"2017-05-17 16:41:18",1,1
9e4405d4-523a-4437-98cd-92b5d4509f51,kennethbaker2448@gmail.com,Kenneth,Baker,"2017-03-30 13:03:31",1,1
ab68d48f-f010-4431-b5ba-adf10a7a5755,veronicajohnson2238@gmail.com,Veronica,Johnson,"2017-05-30 15:00:58",1,1
07c6ac4b-652e-4d59-a906-60e690cf0635,makaylanguyen1885@gmail.com,Makayla,Nguyen,"2018-03-02 23:57:38",1,1
1fa67a2f-c5c8-4428-8ed0-0aaf29a10fe1,dawncarson7639@gmail.com,Dawn,Carson,"2018-03-13 18:22:55",1,1
c0bb92d4-a285-4799-bcbd-2a7bd6b77f81,robertevans8720@gmail.com,Robert,Evans,"2017-07-01 07:42:12",1,1
1dc709fe-34d3-4111-92aa-135051601105,keithstewart1273@gmail.com,Keith,Stewart,"2018-03-01 09:48:30",1,1
89d9a005-3feb-4364-842e-55bfadbe83fd,michaelrussell4704@gmail.com,Michael,Russell,"2017-04-21 02:24:26",1,1
fdb627b1-23f4-4d43-8492-e5a5780d66fb,derekstokes6810@gmail.com,Derek,Stokes,"2018-01-22 21:18:14",1,0
36b91937-8b88-4198-a543-3d728c0e73eb,davidpeterson4806@gmail.com,David,Peterson,"2017-11-10 08:14:40",1,1
534b852c-f0fd-4b21-a0c3-087741490e24,lisablair5730@gmail.com,Lisa,Blair,"2017-07-24 23:07:24",1,1
2a7155cb-13e3-43b0-827a-985053efbd6d,phillipmacias6945@gmail.com,Phillip,Macias,"2017-11-25 23:00:59",1,1
f095a1d3-17e3-4e76-814d-09b28454accc,aaronparker6425@gmail.com,Aaron,Parker,"2017-09-20 17:51:28",1,1
23063297-d5d9-44e8-a70a-77d686adae30,peggyhammond2088@gmail.com,Peggy,Hammond,"2017-09-28 00:34:44",1,1
81a5c8de-442c-4bef-9349-8d9ba44e60d2,jeremybenton3626@gmail.com,Jeremy,Benton,"2018-02-13 00:32:42",1,1
4d6ec950-d535-4add-8ef5-12269e294a1e,anthonygallagher6821@gmail.com,Anthony,Gallagher,"2017-08-20 22:26:06",1,1
1bfd1110-4fa8-42a9-b8a2-942391ee7647,sarahwilliams4610@gmail.com,Sarah,Williams,"2017-08-29 06:59:03",1,1
1442904c-4004-4ae0-b4c5-60d772a760a6,tonyalvarez3748@gmail.com,Tony,Alvarez,"2017-07-05 17:36:58",1,1
8a570fa1-5b4d-4d37-9b34-b09af39f92b7,aarongregory1470@gmail.com,Aaron,Gregory,"2017-11-19 07:20:27",1,1
63cbbfa5-bbc8-40be-884f-dbd73898c416,robertpowers7339@gmail.com,Robert,Powers,"2017-11-13 09:02:11",1,1
39f4a0c5-def8-44a0-bd22-d6a6635315c6,ryanhurley6@gmail.com,Ryan,Hurley,"2018-01-08 13:38:22",1,1
a2b4820f-ed37-4e2a-ace5-66ce36d74f86,christopherchan5279@gmail.com,Christopher,Chan,"2017-10-27 22:47:38",1,1
18f22268-f064-4b66-9f76-1b543340783a,jamesedwards6296@gmail.com,James,Edwards,"2017-11-14 10:34:47",1,1
65b6fa47-1c54-416c-a856-887088d75ec7,jerrybanks2536@gmail.com,Jerry,Banks,"2017-11-01 00:42:13",1,1
0fdc3048-2731-48e3-964b-4dc249d7cda2,andrewmurphy9048@gmail.com,Andrew,Murphy,"2017-05-21 16:04:03",1,1
b31f2bfb-4762-44fe-ae32-1274d52ad443,christinepowell9285@gmail.com,Christine,Powell,"2017-11-27 17:15:56",1,1
202d3cfa-939a-4a35-9902-07f437b20d7c,christinamason9152@gmail.com,Christina,Mason,"2017-11-26 02:07:18",1,1
08519e5d-3a83-467b-8fa0-8d72fabc7111,kellyrichards435@gmail.com,Kelly,Richards,"2017-07-06 00:21:37",1,1
1b1973ef-c167-422d-a5bf-a50bc7597d5d,petergardner5018@gmail.com,Peter,Gardner,"2018-03-18 02:35:44",1,1
c1857480-118d-45dc-908e-894f035194f7,derekphelps2927@gmail.com,Derek,Phelps,"2017-04-29 04:37:26",1,1
b489291f-a3b5-4c48-8f85-7fcbce83729a,pamelasullivan3075@gmail.com,Pamela,Sullivan,"2017-10-24 17:32:20",1,1
6bbcb7df-5154-4d36-b1a6-780052e34bcf,lindawhite5425@gmail.com,Linda,White,"2017-09-06 07:10:08",1,1
f5893226-f279-48d0-a1c5-7f1aae685f62,johnnywilliams4735@gmail.com,Johnny,Williams,"2017-04-21 21:57:45",1,1
