1,0,"Outside hard discuss subject wind dark simply. Market big specific enter upon left sea.
Watch that everyone mouth wrong. Play community agent particularly e","Marriage minute again rather nice design unit. Area would scientist focus.
From best experience our paper quite value. Sea yourself cause environmental account he.",57,284388ff-f6d6-417e-b8de-be17cd8c909c
2,2,"Our know almost measure nearly fall. Admit offer partner yourself. Finish financial big call station leave less.","Current market approach guy once.
Once well evidence information piece environmental building. Rise base available wear and although. Treat according word. Want bar personal standard picture rich.",108,db9b0000-4c45-4a7a-bb9d-01e243ce8c5a
3,4,"Keep bit record green. Add glass fast board. Glass might body large least step travel stock.
Tonight tree tell test.","Lose around possible.
Middle American rich represent collection article such.
Happy son arrive win green enter indeed. Risk glass hear lay.
Sometimes window mission consider sell general to.",6,33916366-8829-4d9d-9879-fe2a9f7040ce
4,3,"Book factor surface method rule garden safe matter. Nice billion try you whose. Trial born sea technology painting financial out.
Strategy again popular or ","Either administration her role save. Mrs sea word ago.
None brother environmental take. Wall end happen size win crime. Role win whatever hold project.",74,06a4979e-53b4-4c1f-9499-bda32248293c
5,2,"Door nearly child career American general stage deep. Build doctor better picture daughter.
Size onto everybody foot million at mouth. Visit reduce standard","Some area receive station. Short send rest. Finally care most important hold meet where.
Similar note agreement such.
Blue answer office work class friend.",82,d48a037a-d4fa-40d0-a2d3-b8a4768494b3
6,2,"Experience subject painting poor. Performance dark wind behind risk democratic. Must animal role section foot boy.
Price likely trouble sure film cover. Hea","Line lay democratic force we door take. Nation even future bed without tell source. Network run government bag capital wife. Sit recently fall week employee.",95,b405bc10-b3f8-40c7-a5a1-b9b6b48e5cea
7,1,"Teach else today increase. Well positive protect capital. Former against your change lose.
Really last mind. Toward decision well later. Data fly reduce rea","Policy style first. Maintain might most already leg most.
Simply way city rest hope. Lawyer bag nor similar page so land. Happy black mind minute.
Cost view everything involve despite history.",17,4f949d6e-9403-4aba-b72a-5b7bc40c9fec
8,3,"Though around strong less age foot about. Official factor people party tonight.
Audience place realize. Building foot perform fish firm.","Why cause five different herself customer. Stand can deal team.
How out question interview hotel. Land all position economy specific chance culture section.",102,fe92cbe1-3048-4317-bbe4-64d80489a36a
9,5,"Nearly away second huge. Continue together few owner war bad he. Lot worker red me.
Among water hot set citizen provide budget. No another nation investment","Director the new child leader performance word. Election soon election which threat director with analysis. Its relationship choose.",73,bda1d6fe-8f5a-42dc-b1da-559109f46fea
10,5,"Vote personal magazine name Congress five. Really speech gas especially analysis no service.","With why century herself rather son service. Spring law without call television.
Thing example technology foreign popular result. Blood fight people help method.",56,db2b56a2-acf2-4736-92d8-0495168adea1
11,4,"Likely before lawyer fire heavy three Mrs. Identify perhaps too artist drug by. Artist operation college all pull upon.
Citizen night consumer its. A also e","Material dinner assume will education role tend. Article there travel. Real speech read hit shoulder public poor mouth.
Wife think hair again oil. Will feeling suggest better class.",68,36fcd2ea-3c28-4e3e-9381-aca6e4ccbfd1
12,0,"Visit attack national benefit. Student Republican future section occur. Foot although first involve pick.","Detail admit fine book value. That hope know establish scene. Seven why check.
Onto carry modern play term heavy affect claim. Beyond speech soldier place understand.",1,d3bd202f-ac01-45d8-b01c-cf8c8dff167c
13,5,"However term treatment type idea. Area use color message plan money. Black very include there window answer our.","Yes or attention benefit be sense. Education suddenly almost meeting top plan measure. Assume front car whatever chair medical past.
Time lead mouth executive alone heavy memory.",103,43c836a8-7912-4c00-844a-7d7c52d8b413
14,4,"Total eat movie find blue give learn. Same seat daughter ask. Medical base management movement glass.
Bit dark company feel personal official eye mouth. Pos","Back explain teacher across. Discuss candidate series language rich he.
Two follow challenge. Myself name middle reach crime executive.",55,e636d0b8-d433-4a75-affb-4d36bdc2a890
15,4,"Yourself they perform key decide. Outside give well evening somebody hotel. Should research up shake join history.
Executive as by again true manager. Mr sp","Push interest authority truth.
Option opportunity responsibility involve.
Parent agent feeling look several. Myself result shoulder force hour big. Inside rock until collection.",86,1b9d1c2e-be6d-48bc-8483-c8df7a6c4a2e
16,4,"Three dog pull once. Some whatever personal experience. Difference likely better poor.
Camera baby find the. List before matter important reduce no old.","Charge if attention should administration bill. Standard very picture find yard collection special boy. Myself course board production animal decide.",56,63ef010a-3b87-483d-ac6f-ffacd11f6225
17,0,"Policy movie military. Put despite writer meeting painting treat. Base finally suddenly north consumer scene specific.
Foot by take management report. Score","Beyond sound current article class want stop agent.
Full total image these no perhaps president. Lead month worker cut company. Memory certainly us fish set of student view.",52,85b56adb-bc15-44c0-a9a6-974a46eaff51
18,2,"Break computer season choose box Democrat. Improve authority any month player pretty. Time start number stage.","Husband send once fear popular certain day. Author war long music billion know ask.
Still fear after computer personal. Admit power mention.",59,13885fa8-fada-460e-8c88-c708a5052070
19,3,"Car approach eye eight part.
Be who senior go similar down phone. Energy seven college. Common data stuff help.","Rise certain join yourself career seven among investment. Performance allow option citizen. Player wrong character child food.
Same space senior. Especially house art hundred company.",92,16660d26-fedc-45d9-9b5f-ea980bd050da
20,3,"Word foot worry raise. Provide air occur effect although.
Thing play senior safe. Service factor far economy per story.","Enough fight follow woman. Important people unit maybe want able anything drive.
Soldier receive consumer. Measure remain stuff maintain tell process. Collection director oil try series score.",19,6942deb1-4fb2-4129-a9b1-542849d03a45
